Product name ,Quantity,Description,Seller,Cost (USD),Link
LCD,1,"3.5"" TFT LCD by BigTreeTech for the printer menu/UI. The main interface of the printer",AliExpress,36.34,https://www.aliexpress.com/item/1005006783206914.html?spm=a2g0o.productlist.main.7.3c643b8acDv74t&algo_pvid=e0ec8a12-c3a6-4b1f-a1f8-8e60f8eb7598&algo_exp_id=e0ec8a12-c3a6-4b1f-a1f8-8e60f8eb7598-6&pdp_ext_f=%7B%22order%22%3A%2276%22%2C%22spu_best_type%22%3A%22price%22%2C%22eval%22%3A%221%22%2C%22fromPage%22%3A%22search%22%7D&pdp_npi=6%40dis%21AUD%2182.22%2137.23%21%21%21380.67%21172.38%21%40210318a717669101153216066ef8af%2112000038283931749%21sea%21AU%210%21ABX%211%210%21n_tag%3A-29910%3Bd%3A6fbdfe4b%3Bm03_new_user%3A-29895%3BpisId%3A5000000187475350&curPageLogUid=Rb1mUEBL8c8L&utparam-url=scene%3Asearch%7Cquery_from%3A%7Cx_object_id%3A1005006783206914%7C_p_origin_prod%3A
Arduino Mega,1,"Arduino mega 2560, the MCU of the printer. Handles the entire printer and connects to the motherboard/PCB. Runs Marlin firmware ",AliExpress,7.6,https://www.aliexpress.com/item/1005007392480051.html?spm=a2g0o.productlist.main.4.6b9210d2QxCwg7&aem_p4p_detail=20251228003507312714479403420002420793&algo_pvid=f96f19f1-a285-4708-bc33-963e26afa6b3&algo_exp_id=f96f19f1-a285-4708-bc33-963e26afa6b3-3&pdp_ext_f=%7B%22order%22%3A%22180%22%2C%22eval%22%3A%221%22%2C%22fromPage%22%3A%22search%22%7D&pdp_npi=6%40dis%21AUD%2127.96%2111.32%21%21%21129.46%2152.42%21%402103122117669109069594607ea8a1%2112000040560322136%21sea%21AU%210%21ABX%211%210%21n_tag%3A-29910%3Bd%3A6fbdfe4b%3Bm03_new_user%3A-29895%3BpisId%3A5000000187475393&curPageLogUid=TYVlOChCWfv3&utparam-url=scene%3Asearch%7Cquery_from%3A%7Cx_object_id%3A1005007392480051%7C_p_origin_prod%3A&search_p4p_id=20251228003507312714479403420002420793_1
Limit switch,6,"Limit switches for the end stops of each of the three axis, a min and max, for a total of 6",AliExpress,1.01,https://www.aliexpress.com/item/1005009049556408.html?spm=a2g0n.productlist.0.0.535831417NoxWZ&browser_id=4f3c3ed565064dc0a85e759ab96eb160&aff_trace_key=b324568051154cbfa9cf5d2a960243ed-1763873547648-09778-_DBJ44pz&aff_platform=msite&m_page_id=fwixtsnbccaqkwen19b5966a41db912315b215a022&gclid=&pdp_ext_f=%7B%22order%22%3A%22817%22%2C%22spu_best_type%22%3A%22price%22%2C%22eval%22%3A%221%22%2C%22fromPage%22%3A%22search%22%7D&pdp_npi=6%40dis%21AUD%213.70%211.50%21%21%2117.11%216.93%21%402101e81117667314575536312efe97%2112000047711627683%21sea%21AU%210%21ABX%211%210%21n_tag%3A-29910%3Bd%3Abe97c7e1%3Bm03_new_user%3A-29895%3BpisId%3A5000000187461947&algo_pvid=6b6c1c78-1b91-4c57-9a26-59c8ba15db1d&search_p4p_id=202512252244173462611275426160000744826_1
NEMA 17 stepper motor,5,42x42 NEMA 17 stepper motors for controlling the printer. 1 each for the x and y axis. 2 for the z axis and 1 for the extruder,AliExpress,5.03,https://www.aliexpress.com/item/1005008459399126.html?spm=a2g0o.productlist.main.11.7cdf3cedNi1hcq&algo_pvid=fc682b8b-bcbd-4dd1-90c8-c82f538c5aca&algo_exp_id=fc682b8b-bcbd-4dd1-90c8-c82f538c5aca-10&pdp_ext_f=%7B%22order%22%3A%221267%22%2C%22eval%22%3A%221%22%2C%22fromPage%22%3A%22search%22%7D&pdp_npi=6%40dis%21AUD%2112.59%211.50%21%21%218.32%210.99%21%402101e2b417669576634537488e83c6%2112000045225398666%21sea%21AU%210%21ABX%211%210%21n_tag%3A-29910%3Bd%3A6fbdfe4b%3Bm03_new_user%3A-29895%3BpisId%3A5000000187475358&curPageLogUid=Dla8CLnKM9ty&utparam-url=scene%3Asearch%7Cquery_from%3A%7Cx_object_id%3A1005008459399126%7C_p_origin_prod%3A#nav-description
8mm smooth rod,10,"Linear rods form the sliding support for the gantries. 2 per support axis, this makes a total of 4 on the y axis, 2 on the x axis, and 4 on the z axis, for a total of 10",AliExpress,11.88,https://www.aliexpress.com/item/1005003880308931.html?spm=a2g0o.productlist.main.5.43f17eb5SE6bkI&algo_pvid=8f0f510f-c4d9-4b74-b282-1b1cbd9857f2&algo_exp_id=8f0f510f-c4d9-4b74-b282-1b1cbd9857f2-4&pdp_ext_f=%7B%22order%22%3A%2224%22%2C%22eval%22%3A%221%22%2C%22fromPage%22%3A%22search%22%7D&pdp_npi=6%40dis%21AUD%217.08%211.50%21%21%214.68%210.99%21%402101e2b617669627698828543e2e5b%2112000027378471595%21sea%21AU%210%21ABX%211%210%21n_tag%3A-29910%3Bd%3A6fbdfe4b%3Bm03_new_user%3A-29895%3BpisId%3A5000000187475295&curPageLogUid=XDQterNnaSSd&utparam-url=scene%3Asearch%7Cquery_from%3A%7Cx_object_id%3A1005003880308931%7C_p_origin_prod%3A
6mm smooth rod,1,"The 6mm smooth rod is cut up into small lengths ~2cm. Six lengths are used to form 3 points of contact in a kinematic coupling, which is the basis for the tool changer mounting. There is roughly 120mm of rod per tool",AliExpress,1.01,https://www.aliexpress.com/item/1005006293171727.html?spm=a2g0o.productlist.main.4.5c3635bf2lwfNv&algo_pvid=99ad1ba1-ffed-4ef8-95ee-5f4418c439e0&algo_exp_id=99ad1ba1-ffed-4ef8-95ee-5f4418c439e0-3&pdp_ext_f=%7B%22order%22%3A%222665%22%2C%22spu_best_type%22%3A%22price%22%2C%22eval%22%3A%221%22%2C%22fromPage%22%3A%22search%22%7D&pdp_npi=6%40dis%21AUD%214.19%212.13%21%21%212.77%211.41%21%402101f70717669137663041694e2eb9%2112000036638889765%21sea%21AU%210%21ABX%211%210%21n_tag%3A-29910%3Bd%3A6fbdfe4b%3Bm03_new_user%3A-29895&curPageLogUid=urxszV9lYQty&utparam-url=scene%3Asearch%7Cquery_from%3A%7Cx_object_id%3A1005006293171727%7C_p_origin_prod%3A
8mm steel balls,6,"The steel balls make up the tool head side of the coupling, sliding into the pairs of rods to make a kinematic coupling. Three balls are required per tool",AliExpress,1.01,https://www.aliexpress.com/item/1005005554036467.html?spm=a2g0o.productlist.main.5.433f4c4cXT26k5&algo_pvid=c7248db0-4814-434d-88e2-331c39d0c514&algo_exp_id=c7248db0-4814-434d-88e2-331c39d0c514-4&pdp_ext_f=%7B%22order%22%3A%2289%22%2C%22spu_best_type%22%3A%22price%22%2C%22eval%22%3A%221%22%2C%22fromPage%22%3A%22search%22%7D&pdp_npi=6%40dis%21AUD%217.84%211.50%21%21%215.18%210.99%21%402101c59117669632927853349e1b5d%2112000033518326662%21sea%21AU%210%21ABX%211%210%21n_tag%3A-29910%3Bd%3A6fbdfe4b%3Bm03_new_user%3A-29895%3BpisId%3A5000000187475365&curPageLogUid=azCOQcRzlIZV&utparam-url=scene%3Asearch%7Cquery_from%3A%7Cx_object_id%3A1005005554036467%7C_p_origin_prod%3A
Aluminium profile,16,500mm 2020 Aluminium profiles make up the support frame. They form a cube to mount axis and standby tools.,AliExpress,16.12,https://www.aliexpress.com/item/1005006896996989.html?spm=a2g0o.productlist.main.5.4a87575edNMkKC&aem_p4p_detail=20251228013048673595367267420002436439&algo_pvid=cfd697b6-1cd0-4199-8527-acf2830bc9e5&algo_exp_id=cfd697b6-1cd0-4199-8527-acf2830bc9e5-4&pdp_ext_f=%7B%22order%22%3A%2240%22%2C%22eval%22%3A%221%22%2C%22fromPage%22%3A%22search%22%7D&pdp_npi=6%40dis%21AUD%2120.02%211.50%21%21%2192.70%216.96%21%402103119c17669142481095578ee161%2112000038649960987%21sea%21AU%210%21ABX%211%210%21n_tag%3A-29910%3Bd%3A6fbdfe4b%3Bm03_new_user%3A-29895%3BpisId%3A5000000187475369&curPageLogUid=pfNdzqVmENVb&utparam-url=scene%3Asearch%7Cquery_from%3A%7Cx_object_id%3A1005006896996989%7C_p_origin_prod%3A&search_p4p_id=20251228013048673595367267420002436439_5
Leadscrew,2,"500mm leadscrews with 8mm lead, 2mm pitch, T8. Allow the motion of the Z axis",AliExpress,1.01,https://www.aliexpress.com/item/1005007979792529.html?spm=a2g0o.productlist.main.2.4e939a13Vg4TiT&algo_pvid=57ba6b54-aa04-4815-ab78-f87d5ed4fc3f&algo_exp_id=57ba6b54-aa04-4815-ab78-f87d5ed4fc3f-1&pdp_ext_f=%7B%22order%22%3A%2269%22%2C%22spu_best_type%22%3A%22order%22%2C%22eval%22%3A%221%22%2C%22fromPage%22%3A%22search%22%7D&pdp_npi=6%40dis%21AUD%216.22%211.50%21%21%2128.78%216.93%21%402101e2b617669628526382707e2e5b%2112000043133955466%21sea%21AU%210%21ABX%211%210%21n_tag%3A-29910%3Bd%3A6fbdfe4b%3Bm03_new_user%3A-29895%3BpisId%3A5000000187475311&curPageLogUid=yCehVBmz5IU3&utparam-url=scene%3Asearch%7Cquery_from%3A%7Cx_object_id%3A1005007979792529%7C_p_origin_prod%3A
Anti-backlash leadscrew nut,4,The nut block for attaching leadscrews to the aluminium profiles that support the Z axis/Bed,AliExpress,1.01,https://www.aliexpress.com/item/1005006826718120.html?spm=a2g0o.productlist.main.13.43285c65ecTfHX&algo_pvid=5f4461ae-c2f1-4c7b-9ad3-81bf4ca1bd58&algo_exp_id=5f4461ae-c2f1-4c7b-9ad3-81bf4ca1bd58-12&pdp_ext_f=%7B%22order%22%3A%2249%22%2C%22eval%22%3A%221%22%2C%22fromPage%22%3A%22search%22%7D&pdp_npi=6%40dis%21AUD%213.64%211.50%21%21%2116.86%216.95%21%402101e2b217669134000985510e2dec%2112000038429516531%21sea%21AU%210%21ABX%211%210%21n_tag%3A-29910%3Bd%3A6fbdfe4b%3Bm03_new_user%3A-29895%3BpisId%3A5000000187475369&curPageLogUid=GK6GVR0XCTTx&utparam-url=scene%3Asearch%7Cquery_from%3A%7Cx_object_id%3A1005006826718120%7C_p_origin_prod%3A
Hotend,2,The filament nozzle device. One is required per toolhead. The Cr6-SE is a cheap but effective hotend including a thermistor,AliExpress,2.02,https://www.aliexpress.com/item/1005009905454085.html?spm=a2g0o.productlist.main.22.1195691eJDhNxy&aem_p4p_detail=202512271930012236403466986130002200499&algo_pvid=d23607ee-694e-4154-9111-8959a90f116f&algo_exp_id=d23607ee-694e-4154-9111-8959a90f116f-19&pdp_ext_f=%7B%22order%22%3A%2224%22%2C%22eval%22%3A%221%22%2C%22fromPage%22%3A%22search%22%7D&pdp_npi=6%40dis%21AUD%2111.25%211.50%21%21%2152.07%216.93%21%40210319b017668926011586770e2ba0%2112000050536239908%21sea%21AU%210%21ABX%211%210%21n_tag%3A-29910%3Bd%3A6fbdfe4b%3Bm03_new_user%3A-29895%3BpisId%3A5000000187475284&curPageLogUid=x0keTjzVCg9x&utparam-url=scene%3Asearch%7Cquery_from%3A%7Cx_object_id%3A1005009905454085%7C_p_origin_prod%3A&search_p4p_id=202512271930012236403466986130002200499_5#nav-description
SCS8UU,6,The Bearing block for Axis carriages,AliExpress,2.02,https://www.aliexpress.com/item/32673362239.html?spm=a2g0o.productlist.main.31.b9a51585qgQqgq&algo_pvid=e50e9489-4198-444b-b405-8c068f665979&algo_exp_id=e50e9489-4198-444b-b405-8c068f665979-30&pdp_ext_f=%7B%22order%22%3A%2277%22%2C%22eval%22%3A%221%22%2C%22fromPage%22%3A%22search%22%7D&pdp_npi=6%40dis%21AUD%2115.88%211.50%21%21%2110.50%211.00%21%402101e2b217669633532965058e2dea%2164097981491%21sea%21AU%210%21ABX%211%210%21n_tag%3A-29910%3Bd%3A6fbdfe4b%3Bm03_new_user%3A-29895%3BpisId%3A5000000187475355&curPageLogUid=p5oH8rPyausd&utparam-url=scene%3Asearch%7Cquery_from%3A%7Cx_object_id%3A32673362239%7C_p_origin_prod%3A
4010 Fan,4,"Fans for cooling the hotend, print layer and idle hotends",AliExpress,7.99,https://www.aliexpress.com/item/1005007729118765.html?spm=a2g0o.productlist.0.0.3ddd4a4bJHgrZR
SK8 Clamp,28,"The clamp to support and hold linear rods in place. One on either end of each rod, so twice as many rods = 20",AliExpress,7.05,https://www.aliexpress.com/item/1005008658256708.html?spm=a2g0o.productlist.main.4.33ed1fc7pIpoq8&algo_pvid=812aeaeb-7ed8-42da-bb20-6c52ae2f3f55&algo_exp_id=812aeaeb-7ed8-42da-bb20-6c52ae2f3f55-3&pdp_ext_f=%7B%22order%22%3A%2272%22%2C%22eval%22%3A%221%22%2C%22fromPage%22%3A%22search%22%7D&pdp_npi=6%40dis%21AUD%218.31%211.50%21%21%215.49%210.99%21%402101f11417669140235148068eec61%2112000046126459260%21sea%21AU%210%21ABX%211%210%21n_tag%3A-29910%3Bd%3A6fbdfe4b%3Bm03_new_user%3A-29895%3BpisId%3A5000000187475311&curPageLogUid=hWf4a2K9OlRr&utparam-url=scene%3Asearch%7Cquery_from%3A%7Cx_object_id%3A1005008658256708%7C_p_origin_prod%3A
GT2 Timing Belt,1,"10m, 6mm wide GT2 timing belt is cut into loops to control the motion of the X and Y axis",AliExpress,1.01,https://www.aliexpress.com/item/32921042288.html?spm=a2g0o.productlist.main.9.dc19260fHQkCx8&algo_pvid=42b36927-dbf9-467a-9ef8-008b96a7d19d&algo_exp_id=42b36927-dbf9-467a-9ef8-008b96a7d19d-8&pdp_ext_f=%7B%22order%22%3A%22484%22%2C%22spu_best_type%22%3A%22order%22%2C%22eval%22%3A%221%22%2C%22fromPage%22%3A%22search%22%7D&pdp_npi=6%40dis%21AUD%2112.28%211.50%21%21%218.12%210.99%21%402103212317669146277173824e804f%2166458659522%21sea%21AU%210%21ABX%211%210%21n_tag%3A-29910%3Bd%3A6fbdfe4b%3Bm03_new_user%3A-29895%3BpisId%3A5000000187475358&curPageLogUid=5D66uaLnRT52&utparam-url=scene%3Asearch%7Cquery_from%3A%7Cx_object_id%3A32921042288%7C_p_origin_prod%3A
GT2 Kit,1,"Kit containing: 2 drive pulleys for moving x and y carriages (1 each axis), 2 idler pulleys (one for each axis)",AliExpress,1.01,https://www.aliexpress.com/item/1005009939779429.html?spm=a2g0o.productlist.main.3.1f47d9c6o4mkHd&algo_pvid=ac3f195f-368e-4472-9307-97a4e1a746a4&algo_exp_id=ac3f195f-368e-4472-9307-97a4e1a746a4-2&pdp_ext_f=%7B%22order%22%3A%2266%22%2C%22eval%22%3A%221%22%2C%22fromPage%22%3A%22search%22%7D&pdp_npi=6%40dis%21AUD%2113.85%211.50%21%21%2164.13%216.95%21%402101c44517669644042368733ed6df%2112000050632270083%21sea%21AU%210%21ABX%211%210%21n_tag%3A-29910%3Bd%3A6fbdfe4b%3Bm03_new_user%3A-29895%3BpisId%3A5000000187475393&curPageLogUid=upTNzYUvzRft&utparam-url=scene%3Asearch%7Cquery_from%3A%7Cx_object_id%3A1005009939779429%7C_p_origin_prod%3A
Aluminium Profile 90 degree connector,8,Connector for mount the Z axis aluminium profiles and cross supports,AliExpress,2.6,https://www.aliexpress.com/item/1005009568991960.html?spm=a2g0o.productlist.main.13.23e33e81gMoj9j&algo_pvid=df7488c1-aaac-47fd-aa3a-ad18884f5efb&algo_exp_id=df7488c1-aaac-47fd-aa3a-ad18884f5efb-12&pdp_ext_f=%7B%22order%22%3A%2225%22%2C%22eval%22%3A%221%22%2C%22fromPage%22%3A%22search%22%7D&pdp_npi=6%40dis%21AUD%2135.00%213.88%21%21%21162.06%2117.97%21%40210328c017669578747246473e1394%2112000049489261049%21sea%21AU%210%21ABX%211%210%21n_tag%3A-29910%3Bd%3A6fbdfe4b%3Bm03_new_user%3A-29895%3BpisId%3A5000000187475358&curPageLogUid=6VI4EhEi0oGP&utparam-url=scene%3Asearch%7Cquery_from%3A%7Cx_object_id%3A1005009568991960%7C_p_origin_prod%3A
Aluminium profile corner connector,8,"Corner connector to mount aluminium profiles into cube frame, one per corner",AliExpress,1.01,https://www.aliexpress.com/item/1005006980677952.html?spm=a2g0o.productlist.main.1.b02d53f2Ckgas6&algo_pvid=32e23812-a51a-4d5e-8101-75851665adfa&algo_exp_id=32e23812-a51a-4d5e-8101-75851665adfa-0&pdp_ext_f=%7B%22order%22%3A%22201%22%2C%22spu_best_type%22%3A%22order%22%2C%22eval%22%3A%221%22%2C%22fromPage%22%3A%22search%22%7D&pdp_npi=6%40dis%21AUD%2110.11%211.50%21%21%2146.81%216.95%21%402101ef5e17669529916196656ec5ca%2112000053084955969%21sea%21AU%210%21ABX%211%210%21n_tag%3A-29910%3Bd%3A6fbdfe4b%3Bm03_new_user%3A-29895%3BpisId%3A5000000187475369&curPageLogUid=gBnyHaq4LmrV&utparam-url=scene%3Asearch%7Cquery_from%3A%7Cx_object_id%3A1005006980677952%7C_p_origin_prod%3A
PSU,1,"24V 350W PSU. Plugs into wall, and has terminal blocks for DC output",AliExpress,59.52,https://www.aliexpress.com/item/1005010010059507.html?spm=a2g0o.productlist.main.19.36124e47hgaNFq&algo_pvid=c5bd50d0-b6a4-4949-b2b2-77f074b121cc&algo_exp_id=c5bd50d0-b6a4-4949-b2b2-77f074b121cc-16&pdp_ext_f=%7B%22order%22%3A%22-1%22%2C%22eval%22%3A%221%22%2C%22fromPage%22%3A%22search%22%7D&pdp_npi=6%40dis%21AUD%2188.69%2188.69%21%21%21410.60%21410.60%21%40210319b017669613151646169e2b84%2112000050831752274%21sea%21AU%210%21ABX%211%210%21n_tag%3A-29910%3Bd%3A6fbdfe4b%3Bm03_new_user%3A-29895&curPageLogUid=w3K92M49nX8O&utparam-url=scene%3Asearch%7Cquery_from%3A%7Cx_object_id%3A1005010010059507%7C_p_origin_prod%3A#nav-description
Screw terminals,2,"High current, 7.62mm pitch 2 pin screw terminals for PSU input to PCB and hotend heater connection",AliExpress,1.01,https://www.aliexpress.com/item/1005003493308832.html?spm=a2g0o.productlist.main.22.2024f9eaPKTGqp&algo_pvid=66d612f9-e0c9-4a37-a3e8-cd4ab73c215d&algo_exp_id=66d612f9-e0c9-4a37-a3e8-cd4ab73c215d-21&pdp_ext_f=%7B%22order%22%3A%22247%22%2C%22eval%22%3A%221%22%2C%22fromPage%22%3A%22search%22%7D&pdp_npi=6%40dis%21AUD%212.44%211.50%21%21%211.61%210.99%21%40210319b017669525865332031e2b86%2112000046285638762%21sea%21AU%210%21ABX%211%210%21n_tag%3A-29910%3Bd%3A6fbdfe4b%3Bm03_new_user%3A-29895%3BpisId%3A5000000187475284&curPageLogUid=19CJwkebcpba&utparam-url=scene%3Asearch%7Cquery_from%3A%7Cx_object_id%3A1005003493308832%7C_p_origin_prod%3A#nav-description
Mosfet,1,Logic level IRLZ44N MOSFET for controlling hotend,AliExpress,1.01,https://www.aliexpress.com/item/1005007174659364.html?spm=a2g0o.productlist.main.2.7b725d35d0nABB&algo_pvid=28bc1f68-ba4f-4816-b674-f9ca4e673acb&algo_exp_id=28bc1f68-ba4f-4816-b674-f9ca4e673acb-1&pdp_ext_f=%7B%22order%22%3A%221387%22%2C%22spu_best_type%22%3A%22order%22%2C%22eval%22%3A%221%22%2C%22fromPage%22%3A%22search%22%7D&pdp_npi=6%40dis%21AUD%2110.15%211.50%21%21%2146.98%216.93%21%402103212517669581626966294e9401%2112000039702595360%21sea%21AU%210%21ABX%211%210%21n_tag%3A-29910%3Bd%3A6fbdfe4b%3Bm03_new_user%3A-29895%3BpisId%3A5000000187475350&curPageLogUid=tD6AZJ6yB9HD&utparam-url=scene%3Asearch%7Cquery_from%3A%7Cx_object_id%3A1005007174659364%7C_p_origin_prod%3A#nav-specification
2x18 Pin header,1, 2.54mm header socket for connecting the MCU to the PCB. One 2x18 pin socket,AliExpress,1.01,https://www.aliexpress.com/item/33004522737.html?spm=a2g0o.productlist.main.3.430c7f27cJ21iZ&algo_pvid=72af4419-57c1-43b1-a461-527cc84dcac1&algo_exp_id=72af4419-57c1-43b1-a461-527cc84dcac1-2&pdp_ext_f=%7B%22order%22%3A%22484%22%2C%22spu_best_type%22%3A%22order%22%2C%22eval%22%3A%221%22%2C%22fromPage%22%3A%22search%22%7D&pdp_npi=6%40dis%21AUD%212.50%211.50%21%21%211.65%210.99%21%402101d49617669521467094234ef82b%2166986463555%21sea%21AU%210%21ABX%211%210%21n_tag%3A-29910%3Bd%3A6fbdfe4b%3Bm03_new_user%3A-29895%3BpisId%3A5000000187475311&curPageLogUid=T1pLUNK211bK&utparam-url=scene%3Asearch%7Cquery_from%3A%7Cx_object_id%3A33004522737%7C_p_origin_prod%3A
Female pin headers,16,2.54mm female headers to connect stepper drivers and MCU to the PCB. Need 15 of 8 pin sockets and 1 10 pin socket.,AliExpress,4.03,https://www.aliexpress.com/item/1005003610333849.html?spm=a2g0o.productlist.main.10.2b3fyboryborZ8&algo_pvid=2c138a81-ecd4-4020-a081-6d112087ceeb&algo_exp_id=2c138a81-ecd4-4020-a081-6d112087ceeb-9&pdp_ext_f=%7B%22order%22%3A%221158%22%2C%22eval%22%3A%221%22%2C%22fromPage%22%3A%22search%22%7D&pdp_npi=6%40dis%21AUD%214.27%211.50%21%21%212.82%210.99%21%402103212317669514333763636e812c%2112000026601252532%21sea%21AU%210%21ABX%211%210%21n_tag%3A-29910%3Bd%3A6fbdfe4b%3Bm03_new_user%3A-29895%3BpisId%3A5000000187475355&curPageLogUid=SLhu8Y98M4HU&utparam-url=scene%3Asearch%7Cquery_from%3A%7Cx_object_id%3A1005003610333849%7C_p_origin_prod%3A
Male pin headers,42,"2.54mm Pin headers which are soldered to the PCB to allow for LCD, Motor, and limit switch cables to be connected. Comes in a 1x30 pack",AliExpress,2.01,https://www.aliexpress.com/item/4000988113226.html?spm=a2g0o.productlist.main.14.4132swzdswzdIO&algo_pvid=426b3b2a-423a-4c52-8a6e-b6a095ed236a&algo_exp_id=426b3b2a-423a-4c52-8a6e-b6a095ed236a-13&pdp_ext_f=%7B%22order%22%3A%222454%22%2C%22spu_best_type%22%3A%22order%22%2C%22eval%22%3A%221%22%2C%22fromPage%22%3A%22search%22%7D&pdp_npi=6%40dis%21AUD%212.27%211.50%21%21%211.50%210.99%21%402103119c17669515534232250ee171%2110000013202368860%21sea%21AU%210%21ABX%211%210%21n_tag%3A-29910%3Bd%3A6fbdfe4b%3Bm03_new_user%3A-29895%3BpisId%3A5000000187475294&curPageLogUid=uSbYw51PFpid&utparam-url=scene%3Asearch%7Cquery_from%3A%7Cx_object_id%3A4000988113226%7C_p_origin_prod%3A#nav-description
Stepper drivers,5,The A4988 Stepper drivers control the stepper motors. One per motor,AliExpress,2.01,https://www.aliexpress.com/item/1005006199405206.html?spm=a2g0o.productlist.main.2.5fa53e6aGwO53W&algo_pvid=71639ab9-4273-4496-8aaa-04be30cf3ccd&algo_exp_id=71639ab9-4273-4496-8aaa-04be30cf3ccd-1&pdp_ext_f=%7B%22order%22%3A%221163%22%2C%22spu_best_type%22%3A%22order%22%2C%22eval%22%3A%221%22%2C%22fromPage%22%3A%22search%22%7D&pdp_npi=6%40dis%21AUD%216.61%211.50%21%21%214.37%210.99%21%402101e2b017669513083624769e32b3%2112000036236556086%21sea%21AU%210%21ABX%211%210%21n_tag%3A-29910%3Bd%3A6fbdfe4b%3Bm03_new_user%3A-29895%3BpisId%3A5000000187475295&curPageLogUid=0S3diJmHPhei&utparam-url=scene%3Asearch%7Cquery_from%3A%7Cx_object_id%3A1005006199405206%7C_p_origin_prod%3A
20 AWG Wire,1,"Wire to connect the hotend to pogo connectors and PCB, Is also used to connect fans",AliExpress,1.01,https://www.aliexpress.com/item/1005006614755156.html?spm=a2g0o.productlist.main.1.23242f57MB1zjq&algo_pvid=73529a83-7506-4e49-a1d0-3e80cab97fbb&algo_exp_id=73529a83-7506-4e49-a1d0-3e80cab97fbb-0&pdp_ext_f=%7B%22order%22%3A%222072%22%2C%22eval%22%3A%221%22%2C%22fromPage%22%3A%22search%22%7D&pdp_npi=6%40dis%21AUD%218.57%211.50%21%21%2139.66%216.93%21%40210311c217669587086437396ef569%2112000037830294865%21sea%21AU%210%21ABX%211%210%21n_tag%3A-29910%3Bd%3A6fbdfe4b%3Bm03_new_user%3A-29895%3BpisId%3A5000000187475355&curPageLogUid=TzX03XwtDcND&utparam-url=scene%3Asearch%7Cquery_from%3A%7Cx_object_id%3A1005006614755156%7C_p_origin_prod%3A
12 AWG Wire,1,Wire for connecting the PSU to the PCB,AliExpress,1.01,https://www.aliexpress.com/item/1005006614755156.html?spm=a2g0o.productlist.main.1.23242f57MB1zjq&algo_pvid=73529a83-7506-4e49-a1d0-3e80cab97fbb&algo_exp_id=73529a83-7506-4e49-a1d0-3e80cab97fbb-0&pdp_ext_f=%7B%22order%22%3A%222072%22%2C%22eval%22%3A%221%22%2C%22fromPage%22%3A%22search%22%7D&pdp_npi=6%40dis%21AUD%218.57%211.50%21%21%2139.66%216.93%21%40210311c217669587086437396ef569%2112000037830294865%21sea%21AU%210%21ABX%211%210%21n_tag%3A-29910%3Bd%3A6fbdfe4b%3Bm03_new_user%3A-29895%3BpisId%3A5000000187475355&curPageLogUid=TzX03XwtDcND&utparam-url=scene%3Asearch%7Cquery_from%3A%7Cx_object_id%3A1005006614755156%7C_p_origin_prod%3A
Pogo connectors,3,"A pair of magnetic connectors for transferring power and data between the toolhead and the X carriage (to the motherboard). One female is required for the carriage, one male is required per toolhead",AliExpress,3.02,https://www.aliexpress.com/item/1005008883350256.html?spm=a2g0o.productlist.main.5.57ed4eb6SCc4zp&algo_pvid=15477fc7-dc8c-4cad-b358-5eb0c6c3ed5f&algo_exp_id=15477fc7-dc8c-4cad-b358-5eb0c6c3ed5f-4&pdp_ext_f=%7B%22order%22%3A%22181%22%2C%22eval%22%3A%221%22%2C%22fromPage%22%3A%22search%22%7D&pdp_npi=6%40dis%21AUD%215.74%211.50%21%21%2126.57%216.94%21%4021033d1217668835307387379ee521%2112000047075912313%21sea%21AU%210%21ABX%211%210%21n_tag%3A-29910%3Bd%3A6fbdfe4b%3Bm03_new_user%3A-29895%3BpisId%3A5000000187475295&curPageLogUid=bhQOXqyhT6v5&utparam-url=scene%3Asearch%7Cquery_from%3A%7Cx_object_id%3A1005008883350256%7C_p_origin_prod%3A#nav-description
3d print bed,1,"6mm Cast Alloy build plate. This is the structural element of the print bed, a surface is added e.g PEI or painters tape and the bed is complete. THe bed is 430x430mm",AliExpress,109.73,https://www.aliexpress.com/item/1005007084075871.html?spm=a2g0o.productlist.main.46.638987ccM3KTB5&algo_pvid=3962c165-2cf0-4a75-b9b5-89ef91fe03ae&algo_exp_id=3962c165-2cf0-4a75-b9b5-89ef91fe03ae-45&pdp_ext_f=%7B%22order%22%3A%2210%22%2C%22eval%22%3A%221%22%2C%22fromPage%22%3A%22search%22%7D&pdp_npi=6%40dis%21AUD%21131.83%21111.61%21%21%2187.14%2173.78%21%40210328df17669563654846625e1f71%2112000039345681617%21sea%21AU%210%21ABX%211%210%21n_tag%3A-29910%3Bd%3A6fbdfe4b%3Bm03_new_user%3A-29895%3BpisId%3A5000000187475358&curPageLogUid=XD1AqzwOlg1l&utparam-url=scene%3Asearch%7Cquery_from%3A%7Cx_object_id%3A1005007084075871%7C_p_origin_prod%3A#nav-description
LM8UU,4,"The linear bearing for Z axis supports, an LM8UU linear bearing",AliExpress,1.01,https://www.aliexpress.com/item/1005009224497451.html?spm=a2g0o.productlist.main.2.3b635517ZMxJ9r&algo_pvid=44560ea3-5e3b-4a1e-8e84-d48b1b2c6c02&algo_exp_id=44560ea3-5e3b-4a1e-8e84-d48b1b2c6c02-1&pdp_ext_f=%7B%22order%22%3A%22287%22%2C%22eval%22%3A%221%22%2C%22fromPage%22%3A%22search%22%7D&pdp_npi=6%40dis%21AUD%2115.88%211.50%21%21%2110.50%211.00%21%402101e2b217669533575953777e2dce%2112000048371747101%21sea%21AU%210%21ABX%211%210%21n_tag%3A-29910%3Bd%3A6fbdfe4b%3Bm03_new_user%3A-29895%3BpisId%3A5000000187475330&curPageLogUid=w0KQN7dxcab1&utparam-url=scene%3Asearch%7Cquery_from%3A%7Cx_object_id%3A1005009224497451%7C_p_origin_prod%3A
Angular bearing,2,Angular 16x5x5mm Bearings for the idle extruder arm to allow it to open and close,AliExpress,1.75,https://www.aliexpress.com/item/1005006106850615.html?spm=a2g0o.productlist.main.3.3d6a7ad0uWruo7&algo_pvid=56c6f9fd-d675-4fc6-b120-27dc746c46c9&algo_exp_id=56c6f9fd-d675-4fc6-b120-27dc746c46c9-2&pdp_ext_f=%7B%22order%22%3A%2280%22%2C%22eval%22%3A%221%22%2C%22fromPage%22%3A%22search%22%7D&pdp_npi=6%40dis%21AUD%217.15%212.61%21%21%2133.11%2112.09%21%402101e2b417669534850982413e83d7%2112000048867369230%21sea%21AU%210%21ABX%211%210%21n_tag%3A-29910%3Bd%3A6fbdfe4b%3Bm03_new_user%3A-29895%3BpisId%3A5000000187475395&curPageLogUid=z7fiqkZNq9X2&utparam-url=scene%3Asearch%7Cquery_from%3A%7Cx_object_id%3A1005006106850615%7C_p_origin_prod%3A
Buck Converter,1,DC-DC step down Buck converter to get 5V logic on the PCB from the 24V PSU input to power stepper drivers and LCD,AliExpress,1.01,https://www.aliexpress.com/item/1005010400036740.html?spm=a2g0o.productlist.main.1.539e4859vp2qIO&algo_pvid=b4f3284e-bc31-4ff0-90bb-429d531014c1&algo_exp_id=b4f3284e-bc31-4ff0-90bb-429d531014c1-0&pdp_ext_f=%7B%22order%22%3A%2263%22%2C%22spu_best_type%22%3A%22price%22%2C%22eval%22%3A%221%22%2C%22fromPage%22%3A%22search%22%7D&pdp_npi=6%40dis%21AUD%216.09%211.50%21%21%2128.18%216.91%21%402101e2b417669630826486105e83d7%2112000052283934355%21sea%21AU%210%21ABX%211%210%21n_tag%3A-29910%3Bd%3A6fbdfe4b%3Bm03_new_user%3A-29895%3BpisId%3A5000000187475365&curPageLogUid=NlIkneVab3yw&utparam-url=scene%3Asearch%7Cquery_from%3A%7Cx_object_id%3A1005010400036740%7C_p_origin_prod%3A#nav-description
T Nuts,110,"T nuts for mounting conectors, 3d printed parts and components onto aluminium profiles. Need 40 M4, 40 M5 and 30 M3 Nuts",AliExpress,3.02,https://www.aliexpress.com/item/32814359094.html?spm=a2g0o.productlist.main.1.5c179LqH9LqHxo&algo_pvid=aceae0cc-e57c-4097-97a7-7bc001fca3c2&algo_exp_id=aceae0cc-e57c-4097-97a7-7bc001fca3c2-0&pdp_ext_f=%7B%22order%22%3A%221920%22%2C%22eval%22%3A%221%22%2C%22fromPage%22%3A%22search%22%7D&pdp_npi=6%40dis%21AUD%211.98%211.50%21%21%211.31%210.99%21%402101ef5e17669537017328504ec5d7%2110000000587253401%21sea%21AU%210%21ABX%211%210%21n_tag%3A-29910%3Bd%3A6fbdfe4b%3Bm03_new_user%3A-29895%3BpisId%3A5000000187475369&curPageLogUid=goawaYXbXFV0&utparam-url=scene%3Asearch%7Cquery_from%3A%7Cx_object_id%3A32814359094%7C_p_origin_prod%3A
L Bracket,8,Brackets for mounting the SK8 clamps that support the Y axis to aluminium profiles,AliExpress,3.58,https://www.aliexpress.com/item/1005008543736398.html?spm=a2g0o.productlist.main.57.7b04WQ9sWQ9sdh&utparam-url=scene%3Asearch%7Cquery_from%3Apc_back_same_best%7Cx_object_id%3A1005008543736398%7C_p_origin_prod%3A&algo_pvid=3eec4290-95d4-4fbc-a57a-4146024a46f3&algo_exp_id=3eec4290-95d4-4fbc-a57a-4146024a46f3&pdp_ext_f=%7B%22order%22%3A%22153%22%2C%22spu_best_type%22%3A%22order%22%2C%22fromPage%22%3A%22search%22%7D&pdp_npi=6%40dis%21AUD%2117.79%215.33%21%21%2182.35%2124.67%21%402101d9ef17669541030694371ed14d%2112000045641144437%21sea%21AU%210%21ABX%211%210%21n_tag%3A-29910%3Bd%3A6fbdfe4b%3Bm03_new_user%3A-29895%3BpisId%3A5000000187475375#nav-description
100 nF Capacitor,5,"Small, 50V, 100 nF monolithic capacitor to reduce fast spikes to the stepper driver",AliExpress,1.01,https://www.aliexpress.com/item/1005009938373275.html?spm=a2g0o.productlist.main.2.2c66662e2593a7&algo_pvid=5fe2dc39-78a3-45b3-a8ac-85bc32a1e6bb&algo_exp_id=5fe2dc39-78a3-45b3-a8ac-85bc32a1e6bb-1&pdp_ext_f=%7B%22order%22%3A%2219%22%2C%22eval%22%3A%221%22%2C%22fromPage%22%3A%22search%22%7D&pdp_npi=6%40dis%21AUD%215.09%211.50%21%21%2123.55%216.91%21%402101c44f17669546645611750ecbf9%2112000050630167300%21sea%21AU%210%21ABX%211%210%21n_tag%3A-29910%3Bd%3A6fbdfe4b%3Bm03_new_user%3A-29895%3BpisId%3A5000000187475312&curPageLogUid=7nS9pxzQaA67&utparam-url=scene%3Asearch%7Cquery_from%3A%7Cx_object_id%3A1005009938373275%7C_p_origin_prod%3A#nav-description
100 µF capacitor,5,"Larger, 50V 100µF electrolytic capacitor to prevent large spikes to stepper driver",AliExpress,1.01,https://www.aliexpress.com/item/1005006103573862.html?spm=a2g0o.productlist.main.3.95511e254YkFJT&algo_pvid=275f8294-0cd8-430a-873e-cf9f9805df5f&algo_exp_id=275f8294-0cd8-430a-873e-cf9f9805df5f-2&pdp_ext_f=%7B%22order%22%3A%22328%22%2C%22spu_best_type%22%3A%22order%22%2C%22eval%22%3A%221%22%2C%22fromPage%22%3A%22search%22%7D&pdp_npi=6%40dis%21AUD%213.64%211.50%21%21%2116.85%216.94%21%402103126e17669548175605085e8fba%2112000035757203380%21sea%21AU%210%21ABX%211%210%21n_tag%3A-29910%3Bd%3A6fbdfe4b%3Bm03_new_user%3A-29895%3BpisId%3A5000000187475385&curPageLogUid=Gg9QWbBu3pnD&utparam-url=scene%3Asearch%7Cquery_from%3A%7Cx_object_id%3A1005006103573862%7C_p_origin_prod%3A
Spring,1,"25mm long, 6mm wire, 9mm outer diameter spring to provide tension to the extruder mechanism",AliExpress,1.01,https://www.aliexpress.com/item/1005005402716572.html?spm=a2g0o.productlist.main.1.9ebd578bsuVuEZ&algo_pvid=438da708-ecf1-4009-a0f6-b1232be4f228&algo_exp_id=438da708-ecf1-4009-a0f6-b1232be4f228-0&pdp_ext_f=%7B%22order%22%3A%224301%22%2C%22spu_best_type%22%3A%22order%22%2C%22eval%22%3A%221%22%2C%22fromPage%22%3A%22search%22%7D&pdp_npi=6%40dis%21AUD%212.11%211.50%21%21%219.75%216.93%21%402103212b17669549448237589e8647%2112000040252204025%21sea%21AU%210%21ABX%211%210%21n_tag%3A-29910%3Bd%3A6fbdfe4b%3Bm03_new_user%3A-29895%3BpisId%3A5000000187475284&curPageLogUid=Yck0siopgzfS&utparam-url=scene%3Asearch%7Cquery_from%3A%7Cx_object_id%3A1005005402716572%7C_p_origin_prod%3A
Leadscew fixing block,4,A bearing block that holds the leadscrew in place,AliExpress,1.01,https://www.aliexpress.com/item/1005003074750605.html?spm=a2g0o.productlist.main.2.23636598TQDlRW&algo_pvid=877f75fa-86d4-4c1f-b4eb-82ad34e470f4&algo_exp_id=877f75fa-86d4-4c1f-b4eb-82ad34e470f4-1&pdp_ext_f=%7B%22order%22%3A%22160%22%2C%22spu_best_type%22%3A%22price%22%2C%22eval%22%3A%221%22%2C%22fromPage%22%3A%22search%22%7D&pdp_npi=6%40dis%21AUD%213.74%211.50%21%21%2117.30%216.93%21%402101e80317669568913057733e4973%2112000023876897369%21sea%21AU%210%21ABX%211%210%21n_tag%3A-29910%3Bd%3A6fbdfe4b%3Bm03_new_user%3A-29895%3BpisId%3A5000000187475311&curPageLogUid=Puy2Dz0OGF1l&utparam-url=scene%3Asearch%7Cquery_from%3A%7Cx_object_id%3A1005003074750605%7C_p_origin_prod%3A
M5 screws and nuts,40,Screws for mounting aluminium profiles,AliExpress,1.01,https://www.aliexpress.com/item/1005007161469636.html?spm=a2g0o.productlist.main.10.78a7c14eZXUU3v&algo_pvid=77209e5b-f565-4bd7-b254-f31cb0821d35&algo_exp_id=77209e5b-f565-4bd7-b254-f31cb0821d35-9&pdp_ext_f=%7B%22order%22%3A%22177%22%2C%22spu_best_type%22%3A%22price%22%2C%22eval%22%3A%221%22%2C%22fromPage%22%3A%22search%22%7D&pdp_npi=6%40dis%21AUD%219.52%211.50%21%21%216.29%210.99%21%402101ef5e17669661861358805ec5ce%2112000039659468776%21sea%21AU%210%21ABX%211%210%21n_tag%3A-29910%3Bd%3A6fbdfe4b%3Bm03_new_user%3A-29895%3BpisId%3A5000000187475294&curPageLogUid=MkTJGXZdFClM&utparam-url=scene%3Asearch%7Cquery_from%3A%7Cx_object_id%3A1005007161469636%7C_p_origin_prod%3A
M4 screws and nuts,40,Screws for mounting clamps,AliExpress,1.01,https://www.aliexpress.com/item/1005007161469636.html?spm=a2g0o.productlist.main.10.78a7c14eZXUU3v&algo_pvid=77209e5b-f565-4bd7-b254-f31cb0821d35&algo_exp_id=77209e5b-f565-4bd7-b254-f31cb0821d35-9&pdp_ext_f=%7B%22order%22%3A%22177%22%2C%22spu_best_type%22%3A%22price%22%2C%22eval%22%3A%221%22%2C%22fromPage%22%3A%22search%22%7D&pdp_npi=6%40dis%21AUD%219.52%211.50%21%21%216.29%210.99%21%402101ef5e17669661861358805ec5ce%2112000039659468776%21sea%21AU%210%21ABX%211%210%21n_tag%3A-29910%3Bd%3A6fbdfe4b%3Bm03_new_user%3A-29895%3BpisId%3A5000000187475294&curPageLogUid=MkTJGXZdFClM&utparam-url=scene%3Asearch%7Cquery_from%3A%7Cx_object_id%3A1005007161469636%7C_p_origin_prod%3A
M3 Screws and nuts,30,Screws for mounting bearing blocks,AliExpress,1.01,https://www.aliexpress.com/item/1005007161469636.html?spm=a2g0o.productlist.main.10.78a7c14eZXUU3v&algo_pvid=77209e5b-f565-4bd7-b254-f31cb0821d35&algo_exp_id=77209e5b-f565-4bd7-b254-f31cb0821d35-9&pdp_ext_f=%7B%22order%22%3A%22177%22%2C%22spu_best_type%22%3A%22price%22%2C%22eval%22%3A%221%22%2C%22fromPage%22%3A%22search%22%7D&pdp_npi=6%40dis%21AUD%219.52%211.50%21%21%216.29%210.99%21%402101ef5e17669661861358805ec5ce%2112000039659468776%21sea%21AU%210%21ABX%211%210%21n_tag%3A-29910%3Bd%3A6fbdfe4b%3Bm03_new_user%3A-29895%3BpisId%3A5000000187475294&curPageLogUid=MkTJGXZdFClM&utparam-url=scene%3Asearch%7Cquery_from%3A%7Cx_object_id%3A1005007161469636%7C_p_origin_prod%3A

M2 screws and nuts,10,Screws for mounting hotends/connectors,AliExpress,1.01,https://www.aliexpress.com/item/1005007161469636.html?spm=a2g0o.productlist.main.10.78a7c14eZXUU3v&algo_pvid=77209e5b-f565-4bd7-b254-f31cb0821d35&algo_exp_id=77209e5b-f565-4bd7-b254-f31cb0821d35-9&pdp_ext_f=%7B%22order%22%3A%22177%22%2C%22spu_best_type%22%3A%22price%22%2C%22eval%22%3A%221%22%2C%22fromPage%22%3A%22search%22%7D&pdp_npi=6%40dis%21AUD%219.52%211.50%21%21%216.29%210.99%21%402101ef5e17669661861358805ec5ce%2112000039659468776%21sea%21AU%210%21ABX%211%210%21n_tag%3A-29910%3Bd%3A6fbdfe4b%3Bm03_new_user%3A-29895%3BpisId%3A5000000187475294&curPageLogUid=MkTJGXZdFClM&utparam-url=scene%3Asearch%7Cquery_from%3A%7Cx_object_id%3A1005007161469636%7C_p_origin_prod%3A

